Workbook

Sheet Sheet 1
A1: 0 for knowing exact meaning | B1: Participant 1 | C1: Participant 2 | D1: Participant 3 (Liu) | E1: Participant 4 | F1: Participant 5 | G1: Participant 6 | H1: Participant 7 | I1: Participant 8 | J1: Participant 9 (katherine) | K1: Participant 10 | L1: Unknown Word Count
A2: Have you studied for GRE? (Yes or No) | B2: No | C2: No | D2: Yes | E2: Yes | F2: Yes | G2: No | H2: No | I2: No | K2: No
A3: Macerate | L3: =COUNTIFS(B3:K3,"=0") -> 0
A4: Fulminate | J4: 0 | L4: =COUNTIFS(B4:K4,"=0") -> 1
A5: Headlong | L5: =COUNTIFS(B5:K5,"=0") -> 0
A6: Proselytize | J6: 0 | L6: =COUNTIFS(B6:K6,"=0") -> 1
A7: Burlesque | D7: 0 | J7: 0 | K7: 0 | L7: =COUNTIFS(B7:K7,"=0") -> 3
A8: Grotesque | B8: 0 | D8: 0 | J8: 0 | K8: 0 | L8: =COUNTIFS(B8:K8,"=0") -> 4
A9: Invective | F9: 0 | H9: 0 | J9: 0 | L9: =COUNTIFS(B9:K9,"=0") -> 3
A10: Piddling | D10: 0 | H10: 0 | L10: =COUNTIFS(B10:K10,"=0") -> 2
A11: Rash | B11: 0 | E11: 0 | H11: 0 | J11: 0 | K11: 0 | L11: =COUNTIFS(B11:K11,"=0") -> 5
A12: Seminal | B12: 0 | E12: 0 | F12: 0 | G12: 0 | I12: 0 | J12: 0 | K12: 0 | L12: =COUNTIFS(B12:K12,"=0") -> 7
A13: Subliminal | B13: 0 | C13: 0 | D13: 0 | E13: 0 | K13: 0 | L13: =COUNTIFS(B13:K13,"=0") -> 5
A14: Irksome | J14: 0 | K14: 0 | L14: =COUNTIFS(B14:K14,"=0") -> 2
A15: Revel | J15: 0 | L15: =COUNTIFS(B15:K15,"=0") -> 1
A16: Lurk | B16: 0 | H16: 0 | J16: 0 | K16: 0 | L16: =COUNTIFS(B16:K16,"=0") -> 4
A17: Agog | J17: 0 | K17: 0 | L17: =COUNTIFS(B17:K17,"=0") -> 2
A18: Requite | L18: =COUNTIFS(B18:K18,"=0") -> 0
A19: Sepulchral | J19: 0 | L19: =COUNTIFS(B19:K19,"=0") -> 1
A20: Mecurial | B20: 0 | D20: 0 | E20: 0 | F20: 0 | G20: 0 | K20: 0 | L20: =COUNTIFS(B20:K20,"=0") -> 6
A21: Abysmal | B21: 0 | D21: 0 | E21: 0 | G21: 0 | I21: 0 | J21: 0 | K21: 0 | L21: =COUNTIFS(B21:K21,"=0") -> 7
A22: Brook | F22: 0 | H22: 0 | J22: 0 | L22: =COUNTIFS(B22:K22,"=0") -> 3
A23: Appall | C23: 0 | D23: 0 | E23: 0 | K23: 0 | L23: =COUNTIFS(B23:K23,"=0") -> 4
A24: Jabber | L24: =COUNTIFS(B24:K24,"=0") -> 0
A25: Ominous | B25: 0 | C25: 0 | D25: 0 | J25: 0 | K25: 0 | L25: =COUNTIFS(B25:K25,"=0") -> 5
A26: Augur | J26: 0 | L26: =COUNTIFS(B26:K26,"=0") -> 1
A27: Paroxysm | K27: 0 | L27: =COUNTIFS(B27:K27,"=0") -> 1
A28: Don | F28: 0 | H28: 0 | L28: =COUNTIFS(B28:K28,"=0") -> 2
A29: Adjure | B29: 0 | E29: 0 | F29: 0 | J29: 0 | K29: 0 | L29: =COUNTIFS(B29:K29,"=0") -> 5
A30: Halcyon | J30: 0 | L30: =COUNTIFS(B30:K30,"=0") -> 1
A31: Dour | D31: 0 | H31: 0 | J31: 0 | L31: =COUNTIFS(B31:K31,"=0") -> 3
A32: Charlatan | C32: 0 | D32: 0 | J32: 0 | K32: 0 | L32: =COUNTIFS(B32:K32,"=0") -> 4
A33: Ragged | B33: 0 | K33: 0 | L33: =COUNTIFS(B33:K33,"=0") -> 2
A34: Kindred | B34: 0 | F34: 0 | H34: 0 | K34: 0 | L34: =COUNTIFS(B34:K34,"=0") -> 4
A35: Rabid | J35: 0 | L35: =COUNTIFS(B35:K35,"=0") -> 1
A36: Flaccid | B36: 0 | D36: 0 | E36: 0 | J36: 0 | K36: 0 | L36: =COUNTIFS(B36:K36,"=0") -> 5
A37: Sordid | C37: 0 | D37: 0 | J37: 0 | L37: =COUNTIFS(B37:K37,"=0") -> 3
A38: Vapid | C38: 0 | G38: 0 | J38: 0 | L38: =COUNTIFS(B38:K38,"=0") -> 3
A39: Hidebound | D39: 0 | E39: 0 | J39: 0 | L39: =COUNTIFS(B39:K39,"=0") -> 3
A40: Dullard | D40: 0 | L40: =COUNTIFS(B40:K40,"=0") -> 1
A41: Wayward | D41: 0 | J41: 0 | L41: =COUNTIFS(B41:K41,"=0") -> 2
A42: Haphazard | B42: 0 | D42: 0 | E42: 0 | J42: 0 | K42: 0 | L42: =COUNTIFS(B42:K42,"=0") -> 5
A43: Shroud | B43: 0 | C43: 0 | E43: 0 | G43: 0 | J43: 0 | L43: =COUNTIFS(B43:K43,"=0") -> 5
A44: Jibe | C44: 0 | D44: 0 | J44: 0 | L44: =COUNTIFS(B44:K44,"=0") -> 3
A45: Jaundice | C45: 0 | D45: 0 | K45: 0 | L45: =COUNTIFS(B45:K45,"=0") -> 3
A46: Countenance | B46: 0 | C46: 0 | L46: =COUNTIFS(B46:K46,"=0") -> 2
A47: Appurtenance | L47: =COUNTIFS(B47:K47,"=0") -> 0
A48: Provenance | B48: 0 | C48: 0 | J48: 0 | K48: 0 | L48: =COUNTIFS(B48:K48,"=0") -> 4
A49: Remonstrance | L49: =COUNTIFS(B49:K49,"=0") -> 0
A50: Somnolence | D50: 0 | E50: 0 | J50: 0 | K50: 0 | L50: =COUNTIFS(B50:K50,"=0") -> 4
A51: Ensconce | J51: 0 | L51: =COUNTIFS(B51:K51,"=0") -> 1
A52: Effervesce | J52: 0 | L52: =COUNTIFS(B52:K52,"=0") -> 1
A53: Cascade | B53: 0 | D53: 0 | I53: 0 | J53: 0 | K53: 0 | L53: =COUNTIFS(B53:K53,"=0") -> 5
A54: Masquerade | B54: 0 | C54: 0 | F54: 0 | G54: 0 | K54: 0 | L54: =COUNTIFS(B54:K54,"=0") -> 5
A55: Umbrage | J55: 0 | L55: =COUNTIFS(B55:K55,"=0") -> 1
A56: Mirage | B56: 0 | D56: 0 | E56: 0 | K56: 0 | L56: =COUNTIFS(B56:K56,"=0") -> 4
A57: Beige | B57: 0 | D57: 0 | G57: 0 | J57: 0 | L57: =COUNTIFS(B57:K57,"=0") -> 4
A58: Singe | F58: 0 | L58: =COUNTIFS(B58:K58,"=0") -> 1
A59: Disgorge | B59: 0 | E59: 0 | J59: 0 | L59: =COUNTIFS(B59:K59,"=0") -> 3
A60: Panache | E60: 0 | J60: 0 | L60: =COUNTIFS(B60:K60,"=0") -> 2
A61: Gauche | L61: =COUNTIFS(B61:K61,"=0") -> 0
A62: Soothsayer | D62: 0 | E62: 0 | K62: 0 | L62: =COUNTIFS(B62:K62,"=0") -> 3
A63: Hale | F63: 0 | K63: 0 | L63: =COUNTIFS(B63:K63,"=0") -> 2
A64: Unflappable | E64: 0 | J64: 0 | K64: 0 | L64: =COUNTIFS(B64:K64,"=0") -> 3
A65: Potable | E65: 0 | L65: =COUNTIFS(B65:K65,"=0") -> 1
A66: Dabble | L66: =COUNTIFS(B66:K66,"=0") -> 0
A67: Fungible | D67: 0 | J67: 0 | K67: 0 | L67: =COUNTIFS(B67:K67,"=0") -> 3
A68: Garble | L68: =COUNTIFS(B68:K68,"=0") -> 0
A69: Warble | J69: 0 | L69: =COUNTIFS(B69:K69,"=0") -> 1
A70: Wheedle | J70: 0 | L70: =COUNTIFS(B70:K70,"=0") -> 1
A71: Bridle | J71: 0 | L71: =COUNTIFS(B71:K71,"=0") -> 1
A72: Swindle | C72: 0 | J72: 0 | K72: 0 | L72: =COUNTIFS(B72:K72,"=0") -> 3
A73: Dawdle | B73: 0 | L73: =COUNTIFS(B73:K73,"=0") -> 1
A74: Inveigle | D74: 0 | J74: 0 | L74: =COUNTIFS(B74:K74,"=0") -> 2
A75: Mangle | B75: 0 | L75: =COUNTIFS(B75:K75,"=0") -> 1
A76: Wrangle | E76: 0 | J76: 0 | K76: 0 | L76: =COUNTIFS(B76:K76,"=0") -> 3
A77: Rile | J77: 0 | K77: 0 | L77: =COUNTIFS(B77:K77,"=0") -> 2
A78: Ductile | B78: 0 | J78: 0 | K78: 0 | L78: =COUNTIFS(B78:K78,"=0") -> 3
A79: Servile | D79: 0 | J79: 0 | K79: 0 | L79: =COUNTIFS(B79:K79,"=0") -> 3
A80: Shackle | B80: 0 | D80: 0 | E80: 0 | J80: 0 | L80: =COUNTIFS(B80:K80,"=0") -> 4
A81: Heckle | L81: =COUNTIFS(B81:K81,"=0") -> 0
A82: Fickle | B82: 0 | E82: 0 | J82: 0 | K82: 0 | L82: =COUNTIFS(B82:K82,"=0") -> 4
A83: Bristle | B83: 0 | J83: 0 | K83: 0 | L83: =COUNTIFS(B83:K83,"=0") -> 3
A84: Brittle | B84: 0 | C84: 0 | K84: 0 | L84: =COUNTIFS(B84:K84,"=0") -> 3
A85: Guzzle | L85: =COUNTIFS(B85:K85,"=0") -> 0
A86: Philistine | D86: 0 | J86: 0 | K86: 0 | L86: =COUNTIFS(B86:K86,"=0") -> 3
A87: Inure | B87: 0 | D87: 0 | J87: 0 | K87: 0 | L87: =COUNTIFS(B87:K87,"=0") -> 4
A88: Caricature | B88: 0 | K88: 0 | L88: =COUNTIFS(B88:K88,"=0") -> 2
A89: Malaise | L89: =COUNTIFS(B89:K89,"=0") -> 0
A90: Apprise | J90: 0 | L90: =COUNTIFS(B90:K90,"=0") -> 1
A91: Coarse | B91: 0 | D91: 0 | G91: 0 | I91: 0 | J91: 0 | K91: 0 | L91: =COUNTIFS(B91:K91,"=0") -> 6
A92: Castigate | D92: 0 | E92: 0 | J92: 0 | L92: =COUNTIFS(B92:K92,"=0") -> 3
A93: Emaciated | B93: 0 | J93: 0 | L93: =COUNTIFS(B93:K93,"=0") -> 2
A94: Strand | B94: 0 | L94: =COUNTIFS(B94:K94,"=0") -> 1
A95: Gripe | L95: =COUNTIFS(B95:K95,"=0") -> 0
A96: Appall | B96: 0 | D96: 0 | E96: 0 | K96: 0 | L96: =COUNTIFS(B96:K96,"=0") -> 4
A97: Squall | L97: =COUNTIFS(B97:K97,"=0") -> 0
A98: Blazon | L98: =COUNTIFS(B98:K98,"=0") -> 0
A99: Gregarious | B99: 0 | D99: 0 | J99: 0 | K99: 0 | L99: =COUNTIFS(B99:K99,"=0") -> 4
A100: Moratorium | B100: 0 | D100: 0 | K100: 0 | L100: =COUNTIFS(B100:K100,"=0") -> 3
...

Sheet Sheet2
A1: ='Sheet 1'!A:A -> 0 for knowing exact meaning | B1: ='Sheet 1'!L:L -> Unknown Word Count | C1: Unknown Word Count
A2: ='Sheet 1'!A:A -> Have you studied for GRE? (Yes or No) | B2: ='Sheet 1'!L:L -> 0
A3: ='Sheet 1'!A:A -> Macerate | B3: ='Sheet 1'!L:L -> 0 | C3: 0
A4: ='Sheet 1'!A:A -> Fulminate | B4: ='Sheet 1'!L:L -> 1 | C4: 0
A5: ='Sheet 1'!A:A -> Headlong | B5: ='Sheet 1'!L:L -> 0 | C5: 0
A6: ='Sheet 1'!A:A -> Proselytize | B6: ='Sheet 1'!L:L -> 1 | C6: 0
A7: ='Sheet 1'!A:A -> Burlesque | B7: ='Sheet 1'!L:L -> 3 | C7: 0
A8: ='Sheet 1'!A:A -> Grotesque | B8: ='Sheet 1'!L:L -> 4 | C8: 0
A9: ='Sheet 1'!A:A -> Invective | B9: ='Sheet 1'!L:L -> 3 | C9: 0
A10: ='Sheet 1'!A:A -> Piddling | B10: ='Sheet 1'!L:L -> 2 | C10: 0
A11: ='Sheet 1'!A:A -> Rash | B11: ='Sheet 1'!L:L -> 5 | C11: 0
A12: ='Sheet 1'!A:A -> Seminal | B12: ='Sheet 1'!L:L -> 7 | C12: 0
A13: ='Sheet 1'!A:A -> Subliminal | B13: ='Sheet 1'!L:L -> 5 | C13: 0
A14: ='Sheet 1'!A:A -> Irksome | B14: ='Sheet 1'!L:L -> 2 | C14: 0
... A99: ='Sheet 1'!A:A -> Gregarious | B99: ='Sheet 1'!L:L -> 4 | C99: 7
